Date,Name,Year,Letterboxd URI,Rating,Tags,Watched Date,Notes
2026-03-12,Dune: Part Two,2024,https://letterboxd.com/film/dune-part-two/,4.5,scifi,2026-03-12,Visual absurdo
2026-04-02,Oppenheimer,2023,https://letterboxd.com/film/oppenheimer-2023/,4.0,drama,2026-04-02,
2026-04-18,Poor Things,2023,https://letterboxd.com/film/poor-things-2023/,4.0,comedy,2026-04-18,Emma Stone impecável
2026-05-05,Past Lives,2023,https://letterboxd.com/film/past-lives/,4.5,romance,2026-05-05,
2026-05-20,The Holdovers,2023,https://letterboxd.com/film/the-holdovers/,4.0,drama,2026-05-20,
2026-06-01,Spider-Man: Across the Spider-Verse,2023,https://letterboxd.com/film/spider-man-across-the-spider-verse/,5.0,animation,2026-06-01,Reassisti
2026-06-15,Anatomy of a Fall,2023,https://letterboxd.com/film/anatomy-of-a-fall/,4.0,thriller,2026-06-15,
2026-07-02,Challengers,2024,https://letterboxd.com/film/challengers-2024/,3.5,romance,2026-07-02,
2026-07-10,Civil War,2024,https://letterboxd.com/film/civil-war-2024/,3.5,action,2026-07-10,
2026-07-18,The Zone of Interest,2023,https://letterboxd.com/film/the-zone-of-interest/,4.5,drama,2026-07-18,
